Category;ID;QDanish;QEnglish;QDutch;Points;ADanish;AEnglish;ADutch;Assessment
Lunar;1;LUNAR er dygtig til indkøb og lavprissalg. Men kunderne stiller nye krav. En dag ringer Erik, en fast kunde, som har købt 200 elbokse til et nybyg. Boksene er leveret, men Erik er bekymret: De kan ikke nå at installere alle samme dag. For at undgå tyveri spørger Erik, om LUNAR kan hente de tiloversblevne bokse og aflevere dem igen dagen efter? LUNAR har aldrig fået det spørgsmål før. Giv 1 forslag til, hvad salgsmedarbejderen kan svare Erik og 1 bud på, hvad hun kan gøre, efter samtalen er slut?;LUNAR is adept at purchasing and low-cost sales. But customers are making new demands. One day, Erik calls, a regular customer who has bought 200 electrical boxes for a new building. The boxes have been delivered, but Erik is worried: They won't be able to install all the same day. To avoid theft, Erik asks if LUNAR can pick up the remaining boxes and return them the next day? LUNAR has never been asked that question before. Give 1 suggestion of what the sales associate can answer Erik and 1 suggestion of what she can do after the conversation is over?;LUNAR is bedreven in inkoop en goedkope verkoop. Maar klanten stellen nieuwe eisen. Op een dag belt Erik, een vaste klant die 200 elektriciteitskasten heeft gekocht voor een nieuw pand. De dozen zijn geleverd, maar Erik maakt zich zorgen: ze kunnen niet allemaal dezelfde dag nog worden geïnstalleerd. Om diefstal te voorkomen, vraagt Erik of LUNAR de resterende dozen kan ophalen en de volgende dag weer kan terugbrengen? Die vraag is LUNAR nog nooit eerder gesteld. Geef 1 suggestie van wat de verkoopmedewerker kan antwoorden Erik en 1 suggestie van wat ze kan doen nadat het gesprek is afgelopen?;NVT;10 point, når teamet har formuleret: 1 forslag til kundesvar + 1 bud på, hvad hun gør bagefter.;10 points when the team has formulated: 1 suggestion for customer responses + 1 suggestion for what she does next.;10 punten wanneer het team heeft geformuleerd: 1 suggestie voor klantreacties + 1 suggestie voor wat ze vervolgens doet.;Moderator
Lunar;2;"Onsdag får Lise, en intern sælger i LUNAR, et opkald fra en kunde, der spørger, hvordan nogle købte produkter skal installeres. 

Det viser sig i snakken, at kunden godt kan få installationen på plads. Men at kunden mangler nogle supplerende LUNAR-produkter for at lave en rigtig god løsning. Lise har tidligere haft svært ved den slags opkald, men hun er blevet god til det nu. Hvad bør Lise tale med kunden om? 
Hvordan motiverer virksomheder interne medarbejdere til at håndtere sådan et opkald godt? ";"On Wednesday, Lise, an internal sales representative at LUNAR, gets a call from a customer asking how some purchased products should be installed. 

It turns out in the talk that the customer can get the installation in place. But that the customer needs some complementary LUNAR products to make a really good solution. Lise has previously had difficulty with this kind of call, but she has become good at it now. What should Lise talk to the customer about? 
How do companies motivate internal employees to handle such a call well?";"Op woensdag krijgt Lise, een interne verkoopvertegenwoordiger bij LUNAR, een telefoontje van een klant met de vraag hoe sommige gekochte producten moeten worden geïnstalleerd. 

In het gesprek blijkt dat de klant de installatie op zijn plaats kan krijgen. Maar dat de klant een aantal complementaire LUNAR-producten nodig heeft om een echt goede oplossing te maken. Lise had voorheen moeite met dit soort telefoontjes, maar ze is er nu goed in geworden. Waar moet Lise met de klant over praten? 
Hoe motiveren bedrijven interne medewerkers om zo'n telefoontje goed af te handelen?";NVT;"10 point for at svare på begge spørgsmål.
5 ekstra point, hvis ordet ’mersalg’ nævnes i et svar.";"10 points for answering both questions.
5 extra points if the word 'upsell' is mentioned in a reply 12";"10 punten voor het beantwoorden van beide vragen.
5 extra punten als het woord 'upsell' in een antwoord wordt genoemd 12";Moderator
Lunar;3;"Flere af LUNARS sælgere laver de samme fejl igen og igen: De taler meget, spørger lidt og har fokus på at præsentere produkter og funktioner, når de snakker med kunderne. Dette bliver meget synligt for salgschefen på en samkørsel med en sælger. Salgschefen konkluderer: Teamet har brug for nye kompetencer, så de kan gribe salget an på en anden måde.
Hvilken type kurser og kompetenceudvikling kan klæde sælgerne bedre på til at snakke med kunderne: Hvad skal de lære noget om? 
";"Several of LUNARS' salespeople make the same mistakes over and over again: They talk a lot, ask a little and focus on presenting products and features when they talk to customers. This becomes very visible to the sales manager on a carpooling with a salesperson. The sales manager concludes: The team needs new skills so that they can approach sales in a different way.
What type of courses and skills development can better equip salespeople to talk to customers: What should they learn about?
";"Verschillende verkopers van LUNARS maken keer op keer dezelfde fouten: ze praten veel, vragen een beetje en concentreren zich op het presenteren van producten en functies wanneer ze met klanten praten. Dit wordt heel zichtbaar voor de salesmanager tijdens een carpooling met een verkoper. De salesmanager concludeert: Het team heeft nieuwe vaardigheden nodig om sales op een andere manier te kunnen benaderen.
Wat voor soort cursussen en ontwikkeling van vaardigheden kunnen verkopers beter toerusten om met klanten te praten: waar moeten ze over leren?
";NVT;5 point pr. forslag til konkret kursus eller kompetenceudvikling, der kan klæde salgsstyrken på i forhold til: Fastholdelse, Værdi for kunden og Salg. Max 6 forslag.;5 points per proposal for a specific course or competence development that can equip the sales force in relation to: Retention, Value for the customer and Sales. Maximum 6 suggestions.;5 punten per voorstel voor een specifieke cursus of competentieontwikkeling die het verkoopteam kan uitrusten op het gebied van: Retentie, Waarde voor de klant en Sales. Maximaal 6 suggesties.;Moderator
Lunar;4;"Flere kunder ringer til LUNARS interne kundecenter med spørgsmål om, hvordan de skal anvende et af virksomhedens produkter. Dialogen afslører, at der er flere ting, kunderne ikke er blevet gjort opmærksomme på i salgsprocessen. 
Hvordan sikrer LUNARS salgschef, at ledelsen løbende får viden om, hvad kunderne spørger ind til i kundecentret? ";"Several customers call LUNARS' internal customer center with questions about how to use one of the company's products. The dialogue reveals that there are several things that customers have not been made aware of in the sales process.
How does LUNARS' sales manager ensure that management continuously gains knowledge about what customers ask about in the customer center?";"Verschillende klanten bellen het interne klantencentrum van LUNARS met vragen over het gebruik van een van de producten van het bedrijf. Uit de dialoog blijkt dat er verschillende zaken zijn waar klanten niet op zijn gewezen in het verkoopproces.
Hoe zorgt de salesmanager van LUNARS ervoor dat het management continu kennis opdoet over waar klanten naar vragen in het klantcentrum?";NVT;5 point pr. forslag. Kom gerne omkring flere aspekter, fx digitalt set-up, arbejdskultur og standardiserede haste-procedurer. Max 6 forslag.;"""5 points per proposal. Feel free to discuss several aspects, e.g. digital set-up, work culture and standardized urgent procedures. Maximum 6 suggestions.
""";5 punten per voorstel. Voel je vrij om verschillende aspecten te bespreken, zoals digitale inrichting, werkcultuur en gestandaardiseerde spoedprocedures. Maximaal 6 suggesties.;Moderator
Lunar;5;"Brug ca. 15 min. på at tegne og beskrive en typisk kunderejse i LUNAR. Start rejsen med, at kunden Erik mailer for at spørge om en god pris på 200 elbokse. Lav en trin-for-trin rejse, der viser:
Hvilke faser Erik er igennem fra start til slut på købsrejsen? Hvilken kommunikation modtager Erik i hver fase? Hvad oplever Erik sandsynligvis i hver fase (fx tilfredshed, forvirring)? Hvilke afdelinger er Erik i dialog med undervejs?
Drøft hvad salgsorganisationen kan gøre for at skabe mere værdi på rejsen? Indsæt forslag til nye tiltag på kunderejsen.";"Spend approx. 15 minutes drawing and describing a typical customer journey in LUNAR. Start the journey with the customer Erik emailing to ask for a good price on 200 electrical boxes. Create a step-by-step journey that shows: What phases does Erik go through from start to finish on the buying journey? What communication does Erik receive in each phase? What is Erik likely to experience in each phase (e.g., satisfaction, confusion)? Which departments is Erik in dialogue with along the way?
Discuss what the sales organization can do to create more value on the journey? Insert suggestions for new initiatives on the customer journey.";"Besteed ca. 15 minuten aan het tekenen en beschrijven van een typische klantreis in LUNAR. Begin de reis met de klant Erik die mailt om een goede prijs te vragen voor 200 elektriciteitskasten. Maak een stap-voor-stap reis die het volgende laat zien: Welke fasen doorloopt Erik van begin tot eind in het kooptraject? Welke communicatie ontvangt Erik in elke fase? Wat zal Erik waarschijnlijk ervaren in elke fase (bijv. tevredenheid, verwarring)? Met welke afdelingen is Erik in gesprek?
Bespreek wat de verkooporganisatie kan doen om meer waarde te creëren tijdens de reis? Voeg suggesties toe voor nieuwe initiatieven in de customer journey.";NVT;"10 point for visualisering af kunderejsen. 

5 point pr. forslag til at skabe merværdi på kunderejsen. Max 6 forslag.";"10 points for visualizing the customer journey. 

5 points per proposal to create added value in the customer journey. Maximum 6 suggestions.
";"10 punten voor het visualiseren van de customer journey. 

5 punten per voorstel om toegevoegde waarde te creëren in de customer journey. Maximaal 6 suggesties.
";Moderator
Top of the World;6;"Budgetplanlægningen står for døren i virksomheden Top of the World. Jens har som erfaren salgschef en del input til processen. Desværre har Jens ikke rigtig nogen indflydelse på salgsafdelingens budget, selvom det jo er budgettet, som sætter kursen. 

Det er Jens træt af, for han synes, at hans indsigter og idéer er vigtige. Jens vil gerne ændre på arbejdsgangen.  Hvilken afdeling går Jens til for at få info om budgetmål, og hvilke argumenter bruger han for at få budgetindflydelse? ";"Budget planning is just around the corner in the company Top of the World. As an experienced sales manager, Jens has a lot of input to the process. Unfortunately, Jens does not really have any influence on the sales department's budget, even though it is the budget that sets the course. 

Jens is tired of this, because he thinks his insights and ideas are important. Jens would like to change the workflow. Which department does Jens go to to get info about budget targets, and what arguments does he use to gain budget influence?";"Budgetplanning staat voor de deur in het bedrijf Top of the World. Als ervaren salesmanager heeft Jens veel inbreng in het proces. Helaas heeft Jens niet echt invloed op het budget van de verkoopafdeling, ook al is het het budget dat de koers bepaalt. 

Jens is dit beu, omdat hij zijn inzichten en ideeën belangrijk vindt. Jens wil graag de workflow veranderen. Naar welke afdeling gaat Jens om informatie te krijgen over budgetdoelstellingen, en welke argumenten gebruikt hij om budgetinvloed te krijgen?";NVT;I får 10 point i alt, hvis de to spørgmål besvares med gode argumenter.;You get 10 points in total if the two questions are answered with good arguments.;Je krijgt in totaal 10 punten als de twee vragen met goede argumenten worden beantwoord.;Moderator
Top of the World;7;"Top of the World har været gode til at holde på kunderne. Pick-up producenten har nemlig udviklet mange nye services, som kunderne får gratis. Det har givet producenten et stærkt brand, for de gratis services har stor værdi for kundernes forretning. 

Men konkurrenterne tilbyder nu lignende services, som de tager penge for.  
Definer en forretningsmodel, hvor Top of the World kan tage penge for serviceydelser, der i dag er gratis. ";"Top of the World has been good at retaining customers. The pick-up manufacturer has developed many new services that customers get for free. This has given the manufacturer a strong brand, because the free services are of great value to the customers' business. 

But competitors now offer similar services for which they charge money. Define a business model where Top of the World can charge for services that are currently free.";"Top of the World is goed geweest in het behouden van klanten. De pick-up fabrikant heeft veel nieuwe diensten ontwikkeld die klanten gratis krijgen. Dit heeft de fabrikant een sterk merk gegeven, omdat de gratis diensten van grote waarde zijn voor het bedrijf van de klant. 

Maar concurrenten bieden nu vergelijkbare diensten aan waarvoor ze geld vragen. Definieer een bedrijfsmodel waarbij Top of the World kosten in rekening kan brengen voor diensten die momenteel gratis zijn.";NVT;15 point for at definere en forretningsmodel.;15 points for defining a business model.;15 punten voor het definiëren van een businessmodel.;Moderator
Top of the World;8;"
En kunde, der har 50 high end hifi-butikker, har besøgt Top of the World på en messe i USA, hvor de fik en god snak om produkternes kvalitet. Efterfølgende har kunden besøgt hjemmesiden for at downloade brochurer. Nu ringer kunden ind til kundeservice for at få lidt mere info om nogle efterservices, fordi de er ved at beslutte, om de skal vælge Top of the World.   
Hvilke tre touchpoints er vigtigst i forhold til at skabe mersalg for Top of the World? ";"
A customer who has 50 high-end hi-fi stores has visited Top of the World at a trade fair in the United States, where they had a good talk about the quality of the products. Subsequently, the customer has visited the website to download brochures. Now the customer calls customer service to get a little more info about some after-services, because they are deciding whether to choose Top of the World.
Which three touchpoints are most important in terms of creating additional sales for Top of the World?";"
Een klant die 50 high-end hifi-winkels heeft, heeft Top of the World bezocht op een beurs in de Verenigde Staten, waar ze een goed gesprek hadden over de kwaliteit van de producten. Vervolgens heeft de klant de website bezocht om brochures te downloaden. Nu belt de klant de klantenservice om wat meer informatie te krijgen over enkele after-services, omdat ze beslissen of ze voor Top of the World kiezen.
Welke drie touchpoints zijn het belangrijkst voor het creëren van extra omzet voor Top of the World?";NVT;"
I får 10 point, hvis I kan give tre touchpoints.   ";"You get 10 points if you can give three touchpoints.
";"Je krijgt 10 punten als je drie touchpoints kunt geven.
";Moderator
Top of the World;9;"Sælgerne i Top of the World har til tider svært ved at se, hvilken større betydning deres salg egentlig har for virksomheden. Sælgerne arbejder efter at nå deres budgetter og får sjældent besked om den strategiske betydning, deres indsats har for virksomhed.
Hvilke tre mål kunne salgsafdelingen operere med, der ikke handler om økonomi og budget?";"The salespeople in Top of the World sometimes find it difficult to see what greater significance their sales really have for the company. The salespeople work to achieve their budgets and are rarely told about the strategic importance of their efforts for the business.
What three goals could the sales department operate with that are not about finances and budget?";"

De verkopers in Top of the World vinden het soms moeilijk om te zien welke grotere betekenis hun verkopen echt hebben voor het bedrijf. De verkopers werken om hun budgetten te halen en worden zelden verteld over het strategische belang van hun inspanningen voor het bedrijf.
Met welke drie doelen zou de verkoopafdeling kunnen werken die niet over financiën en budget gaan?";NVT;"5 point pr formuleret mål – max 3. 
10 ekstra point, hvis målene både indtænker interne og eksterne forhold. Max 25 point.";"""5 points per formulated goal – max 3. 
10 extra points if the goals take into account both internal and external conditions. Maximum 25 points.
""";"5 punten per geformuleerd doel – max 3. 
10 extra punten als de doelen rekening houden met zowel interne als externe omstandigheden. Maximaal 25 punten.
";Moderator
Top of the World;10;"Jens ønsker at opgradere virksomhedens salg via teknologi. Sælgerne har nemlig lidt for stor fidus til deres mavefornemmelse. Men den kan svigte og varierer meget fra sælger til sælger. Salgsafdelingen skal derfor nu investere i noget teknologi, der kan understøtte og dokumentere salgsprocesserne. 
Hvilke teknologier kan hjælpe sælgerne til bedre processtyring, og hvilke interne touchpoints skal inddrages i beslutningen? Brug 10 min. på at lave en liste. ";"Jens wants to upgrade the company's sales through technology. The sellers have a little too big a scam for their gut feeling. But it can fail and varies greatly from seller to seller. The sales department must therefore now invest in some technology that can support and document the sales processes.
Which technologies can help salespeople to better manage their processes, and which internal touchpoints should be included in the decision? Take 10 minutes to make a list.";"Jens wil de verkoop van het bedrijf verbeteren door middel van technologie. De verkopers hebben een iets te grote zwendel voor hun onderbuikgevoel. Maar het kan mislukken en verschilt sterk van verkoper tot verkoper. De verkoopafdeling moet daarom nu investeren in technologie die de verkoopprocessen kan ondersteunen en documenteren.
Welke technologieën kunnen verkopers helpen om hun processen beter te beheren, en welke interne touchpoints moeten worden meegenomen in de beslissing? Neem 10 minuten de tijd om een lijst te maken.";NVT;15 point, hvis gruppen kommer med flere konkrete forslag til teknologier, der kan understøtte salg. ;"15 points if the group comes up with several concrete proposals for technologies that can support sales.
";"15 punten als de groep met een aantal concrete voorstellen komt voor technologieën die de verkoop kunnen ondersteunen.
";Moderator
Klaphatten;11;Den lille merchandisebutik Klaphatten oplever igen og igen, at kunderne ikke vil tale med sælgerne. De vil bare se produkterne på hjemmesiden og bestille online. Tidligere har Klaphatten været gode til relationssalg, men markedet er i bevægelse, og relationer betyder mindre for kunderne. Rie, Klaphattens salgsansvarlige, erkender, at der skal ske noget.   Hvordan udvikler Rie sælgernes rolle? Formuler 2 tiltag, som hjælper sælgerne til at skabe værdi for kunderne.;The small merchandise store Klaphatten experiences again and again that customers do not want to talk to the sellers. They just want to see the products on the website and order online. In the past, Klaphatten has been good at relationship selling, but the market is moving, and relationships mean less to customers. Rie, Klaphatten's sales manager, acknowledges that something needs to be done. How does Rie develop the role of salespeople? Formulate 2 actions that help salespeople create value for customers.;De kleine merchandise winkel Klaphatten ervaart keer op keer dat klanten niet met de verkopers willen praten. Ze willen gewoon de producten op de website zien en online bestellen. In het verleden was Klaphatten goed in relatieverkoop, maar de markt is in beweging en relaties betekenen minder voor klanten. Rie, salesmanager van Klaphatten, erkent dat er iets moet gebeuren. Hoe ontwikkelt Rie de rol van verkopers? Formuleer 2 acties die verkopers helpen waarde te creëren voor klanten.;NVT;10 point, hvis I kan komme på 2 tiltag, som sælgeren kan gøre for at skabe værdi/indsigt i en kundedialog?  ;10 points if you can think of 2 initiatives that the salesperson can do to create value/insight in a customer dialogue?;10 punten als je 2 initiatieven kunt bedenken die de verkoper kan doen om waarde/inzicht te creëren in een klantdialoog?;Moderator
Klaphatten;12;"Klaphattens evne til at udvikle deres kundeorientering kan få stor betydning for butikkens omsætning. Det viser en ny undersøgelse, som ejerlederen har orienteret sig lidt i. 

Ejerlederen er nu optaget af holde fast i de gode kunderelationer. Hans 1. prioritet er at finde ud af, hvordan kundeorienteringen udfoldes bedre i sælgernes dagligdag. Hvad kan begrebet ‘kundeorientering’ dække over for en virksomhed som Klaphatten?";"Klaphatten's ability to develop their customer orientation can have a major impact on the store's turnover. This is shown by a new study, which the owner-manager has oriented himself a little in. 

The owner-manager is now concerned with maintaining the good customer relations. His 1st priority is to find out how customer orientation is better developed in the salespeople's daily lives. What can the term 'customer orientation' cover for a company like Klaphatten?";"Het vermogen van Klaphatten om hun klantgerichtheid te ontwikkelen, kan een grote impact hebben op de omzet van de winkel. Dat blijkt uit een nieuwe studie, waar de eigenaar-manager zich een beetje op heeft georiënteerd. 

De eigenaar-manager houdt zich nu bezig met het onderhouden van de goede klantrelaties. Zijn 1e prioriteit is om erachter te komen hoe klantgerichtheid beter wordt ontwikkeld in het dagelijks leven van de verkopers. Wat kan de term 'klantgerichtheid' inhouden voor een bedrijf als Klaphatten?";NVT;"

5 point for et svar. ";5 points for an answer.;5 punten voor een antwoord.;Moderator
Klaphatten;13;"Connie har arbejdet i Klaphatten i alle de 10 år, den har eksisteret. Hun brænder for virksomhedens overlevelse og vækst. Hun har netop købt et nyt CRM-system, der kan give overblik og struktur på kundedialogerne. Men sælgerne får ikke registreret deres dialoger med kunderne i systemet. Det tager for lang tid og skaber ikke værdi for sælgerne personligt, fornemmer hun.
Hvordan får Connie sælgerne til at tage CRM-systemet i brug? Hvordan viser hun dem værdien ved systemet? ";"Connie has worked at Klaphatten for all the 10 years it has existed. She is passionate about the company's survival and growth. She has just bought a new CRM system that can provide an overview and structure of the customer dialogues. But the salespeople do not register their dialogues with customers in the system. It takes too long and does not create value for the sellers personally, she senses.
Hoe zorgt Connie ervoor dat de verkopers het CRM-systeem gebruiken? Hoe laat ze hen de waarde van het systeem zien?";"Connie werkt al 10 jaar bij Klaphatten. Ze is gepassioneerd over het voortbestaan en de groei van het bedrijf. Ze heeft net een nieuw CRM-systeem aangeschaft dat overzicht en structuur kan bieden in de klantdialogen. Maar de verkopers registreren hun dialogen met klanten niet in het systeem. Het duurt te lang en creëert geen waarde voor de verkopers persoonlijk, vindt ze.
How does Connie get the salespeople to use the CRM system? How does she show them the value of the system?";NVT;10 point for en plan.;"10 points for a plan.
";"10 punten voor een plan.
";Moderator
Klaphatten;14;"Lynlevering af merchandise er noget mange kunder sætter stor pris på. Men Klaphatten tager ikke penge for dette. På et møde taler Klaphattens salgs-ansvarlige med ejerlederen om, at der er et muligt salgspotentiale i deres lyn-levering og måske også i andre services. De er enige om, at de skal blive bedre til at tage sig betalt for den værdi, de skaber.
Hvordan sikrer Klaphatten, at de får betaling for den værdi, de skaber hos kunden? Og hvad skal de være obs på i den forbindelse?";"Fast delivery of merchandise is something many customers greatly appreciate, but Klaphatten does not charge money for this. At a meeting, Klaphatten's sales manager talks to the owner-manager about the possibility of sales potential in their lightning delivery and perhaps also in other services. They agree that they need to get better at charging for the value they create.
How does Klaphatten ensure that they get paid for the value they create with the customer? And what should they be aware of in this connection?";"Snelle levering van koopwaar is iets wat veel klanten zeer op prijs stellen, maar Klaphatten rekent hier geen geld voor. Tijdens een vergadering praat de verkoopmanager van Klaphatten met de eigenaar-manager over de mogelijkheid van verkooppotentieel in hun bliksemlevering en misschien ook in andere diensten. Ze zijn het erover eens dat ze beter moeten worden in het in rekening brengen van de waarde die ze creëren.
Hoe zorgt Klaphatten ervoor dat ze betaald worden voor de waarde die ze creëren bij de klant? En waar moeten ze in dit verband op letten?";NVT;"

15 point for et fyldestgørende svar.";"15 points for a satisfactory answer.
";"15 punten voor een bevredigend antwoord.
";Moderator
Klaphatten;15;"Klaphattens kunder forventer hurtig levering af merchandise. Sælgerne forsøger dog ofte at sælge varer, der er lette at sælge, men som ikke nødvendigvis er på lager. Det fører ofte til ordreannullering, fordi kunden ikke vil vente på varen. Klaphattens ledelse har nu besluttet sig for at lægge en plan for, at sælgerne deler mere viden med lager og indkøb.
Brug ca. 15 min. på at lave en plan, der sikrer, at indkøb/logistik involveres, inden sælgerne lover varer, der ikke er på lager.";"Klaphatten's customers expect fast delivery of merchandise. However, sellers often try to sell items that are easy to sell but aren't necessarily in stock. This often leads to order cancellation because the customer doesn't want to wait for the item. Klaphatten's management has now decided to make a plan for the salespeople to share more knowledge with the warehouse and purchasing.
Take about 15 minutes to make a plan that ensures that purchasing/logistics are involved before the salespeople promise goods that are not in stock.";"De klanten van Klaphatten verwachten een snelle levering van goederen. Verkopers proberen echter vaak artikelen te verkopen die gemakkelijk te verkopen zijn, maar niet noodzakelijkerwijs op voorraad zijn. Dit leidt vaak tot annulering van de bestelling omdat de klant niet op het artikel wil wachten. De directie van Klaphatten heeft nu besloten om een plan te maken voor de verkopers om meer kennis te delen met het magazijn en de inkoop.
Neem ongeveer 15 minuten de tijd om een plan te maken dat ervoor zorgt dat inkoop/logistiek erbij betrokken is voordat de verkopers goederen beloven die niet op voorraad zijn.";NVT;I får 20 point for en god plan.;"""You get 20 points for a good plan.
""";"You get 20 points for a good plan.
";Moderator
Jysk;16;Jysk Telepartners salgschef kommer tit ud for, at de andre chefer i ledergruppen ikke er opdateret på virksomhedens konkurrenter i markedet. Det medfører nogle gange, at Jysk Telepartner bliver fravalgt pga. logistik eller IT-løsninger. Det er salgschefen brandærgerlig over, og han har besluttet sig for at gøre noget ved sagen. Hvordan sikrer salgschefen, at viden om markedet og konkurrenterne bliver vægtet og brugt til justeringer i virksomheden? ;Jysk Telepartner's sales manager often finds that the other managers in the management team are not updated on the company's competitors in the market. This sometimes results in Jysk Telepartner being deselected due to logistics or IT solutions. The sales manager is very annoyed about this, and he has decided to do something about it. How does the sales manager ensure that knowledge about the market and competitors is weighted and used for adjustments in the company?;De salesmanager van Jysk Telepartner merkt vaak dat de andere managers in het managementteam niet op de hoogte zijn van de concurrenten van het bedrijf op de markt. Dit leidt er soms toe dat Jysk Telepartner wordt uitgeschakeld vanwege logistieke of IT-oplossingen. De salesmanager ergert zich hier erg aan, en hij heeft besloten er iets aan te doen. Hoe zorgt de salesmanager ervoor dat kennis over de markt en concurrenten wordt gewogen en gebruikt voor aanpassingen in het bedrijf?;NVT;5 point. Max 6 svar.;5 point. Max 6 answers.;5 punten. Max 6 antwoorden.;Moderator
Jysk;17;"En sælger i Jysk Telepartner fortæller til et teammøde, at hun flere gange er blevet stillet det samme spørgsmål ude hos kunderne: Hvordan skiller I jer egentlig ud fra konkurrenterne? 

Alarmklokkerne ringer hos salgschefen, for hvis ikke kunderne oplever merværdi ved at handle med Jysk Telepartner, er virksomheden for sårbar. Noget må gøres. Hvordan kan sælgerne tydeliggøre den værdi, kunderne opnår ved at handle med Jysk Telepartner frem for med konkurrenterne? ";"A salesperson in Jysk Telepartner tells a team meeting that she has been asked the same question several times with customers: How do you really stand out from the competition? 

The alarm bells are ringing for the sales manager, because if the customers do not experience added value by doing business with Jysk Telepartner, the company is too vulnerable. Something has to be done. How can salespeople clarify the value customers achieve by doing business with Jysk Telepartner rather than with competitors?";"Een verkoper bij Jysk Telepartner vertelt tijdens een teamvergadering dat haar meerdere keren dezelfde vraag is gesteld aan klanten: hoe onderscheid je je echt van de concurrentie? 

De alarmbellen gaan rinkelen bij de salesmanager, want als de klanten geen toegevoegde waarde ervaren door zaken te doen met Jysk Telepartner, is het bedrijf te kwetsbaar. Er moet iets gebeuren.
 Hoe kunnen verkopers duidelijk maken welke waarde klanten bereiken door zaken te doen met Jysk Telepartner in plaats van met concurrenten?";NVT;5 point pr. forslag. Max 3 forslag.;5 points per proposal. Max 3 suggestions.;5 punten per voorstel. Max 3 suggesties.;Moderator
Jysk;18;"Jysk Telepartner har lavet en intern undersøgelse, som salgschefen sidder og grubler over: 7 ud af 10 medarbejdere siger nemlig, at de ikke kan tage beslutninger på egen hånd ved kundemøder. Salgschefen tænker, at de risikerer, at kunderne smutter, fordi de ikke vil vente på lange processer, og at det også kan signalere, at han har sendt et B-hold til kunden.
Hvad skal salgschefen gøre for at bemyndige sælgerne til at træffe flere beslutninger på møderne?  ";"Jysk Telepartner has conducted an internal survey that the sales manager is pondering: 7 out of 10 employees say that they cannot make decisions on their own at customer meetings. The sales manager thinks that they risk customers leaving because they do not want to wait for long processes, and that it can also signal that he has sent a B-team to the customer.
What should the sales manager do to empower the salespeople to make more decisions at the meetings?";"Jysk Telepartner heeft een interne enquête gehouden waar de salesmanager over nadenkt: 7 op de 10 werknemers zeggen dat ze niet zelf beslissingen kunnen nemen tijdens klantvergaderingen. De salesmanager denkt dat hij het risico loopt dat klanten weggaan omdat hij niet wil wachten op lange processen, en dat het ook een signaal kan zijn dat hij een B-team naar de klant heeft gestuurd.
Wat moet de verkoopmanager doen om de verkopers in staat te stellen meer beslissingen te nemen tijdens de vergaderingen?";NVT;10 point for et godt bud.;"10 points for a good bet.
";"10 punten voor een goede inzet.
";Moderator
Jysk;19;"Ledelsen i Jysk Telepartner har møde om vækst og strategisk udvikling. De snakker om, at salget ikke er den eneste funktion, der skaber mulighed for højere omsætning: Både marketing og kundeservice er jo med til at sikre, at kunderne oplever en kompetent leverandør med god service. Ledelsen beslutter sig nu for at styrke den interne koordinering.
Hvordan kan Jysk Telepartner sikre, at marketing og kundeservice medvirker til øget omsætning?";"The management of Jysk Telepartner has a meeting about growth and strategic development. They talk about how sales is not the only function that creates opportunities for higher revenue: Both marketing and customer service help to ensure that customers experience a competent supplier with good service. The management now decides to strengthen internal coordination.
How can Jysk Telepartner ensure that marketing and customer service contribute to increased revenue?";"Het management van Jysk Telepartner heeft een vergadering over groei en strategische ontwikkeling. Ze vertellen dat verkoop niet de enige functie is die kansen creëert voor een hogere omzet: zowel marketing als klantenservice helpen ervoor te zorgen dat klanten een competente leverancier met goede service ervaren. De directie besluit nu om de interne coördinatie te versterken.
Hoe kan Jysk Telepartner ervoor zorgen dat marketing en klantenservice bijdragen aan een hogere omzet?";NVT;10 point pr. forslag. Max 3 forslag.;"10 points per proposal. Maximum 3 suggestions.
";10 punten per voorstel. Maximaal 3 suggesties.;Moderator
Jysk;20;"Direktør i Jysk Telepartner beder en dag salgsafdelingen om at kortlægge en typisk kunderejse i tele- og softwarevirksomheden. Kortlægningen skal være med til at sikre, at virksomheden er tilstrækkelig kundeorienteret på hele kundens rejse fra start til slut. Salgsafdelingen har ikke arbejdet med kunderejser før.
Tegn et bud på en kunderejse, og drøft hvad salgsafdelingen opnår ved at lave en kunderejse, samt hvordan de kan anvende viden fra kunderejsen fremover? ";"One day, the CEO of Jysk Telepartner asks the sales department to map out a typical customer journey in the telecom and software company. The mapping will help ensure that the company is sufficiently customer-oriented throughout the customer's journey from start to finish. The sales department has not worked with customer journeys before.
Draw a proposal for a customer journey, and discuss what the sales department achieves by creating a customer journey, as well as how they can apply knowledge from the customer journey in the future?";"Op een dag vraagt de CEO van Jysk Telepartner aan de verkoopafdeling om een typische customer journey in het telecom- en softwarebedrijf in kaart te brengen. De mapping zal ervoor zorgen dat het bedrijf voldoende klantgericht is gedurende de hele reis van de klant van begin tot eind. De salesafdeling heeft nog niet eerder met customer journeys gewerkt.
Een voorstel doen voor een customer journey, en bespreken wat de salesafdeling bereikt met het creëren van een customer journey, en hoe ze kennis uit de customer journey in de toekomst kunnen toepassen?";NVT;20 point.;20 points.;"20 punten.
";Moderator
Safeline;21;"CFO´en i Safeline stiller ofte spørgsmål til salgsafdelingen om kunder og marked. Det foregår ukoordineret og lidt tilfældigt. 

Salgschefen Helle har meget viden, som kunne bruges til bl.a. budgetplanlægning og markedsføring. Det bliver tydeligt for Helle, at hendes indsigt kan skabe værdi for virksomheden og styrke salgsafdelingens interne position.   Hvordan kan Safeline blive bedre til at koordinere vidensdeling om markedet?";"The CFO of Safeline often asks questions to the sales department about customers and the market. It takes place uncoordinated and somewhat haphazardly. 

Sales Manager Helle has a lot of knowledge that could be used for budget planning and marketing, among other things. It becomes clear to Helle that her insight can create value for the company and strengthen the sales department's internal position. How can Safeline become better at coordinating knowledge sharing about the market?";"De CFO van Safeline stelt vaak vragen aan de verkoopafdeling over klanten en de markt. Het gebeurt ongecoördineerd en enigszins lukraak. 

Sales Manager Helle heeft veel kennis die gebruikt kan worden voor onder andere budgetplanning en marketing. Het wordt Helle duidelijk dat haar inzicht waarde kan creëren voor het bedrijf en de interne positie van de verkoopafdeling kan versterken. Hoe kan Safeline beter worden in het coördineren van kennisdeling over de markt?";NVT;"5 point pr. svar. Max 6 svar. 
5 ekstra point, hvis CFO’ens viden inddrages. ";"5 points per answer. Max 6 responses. 
5 extra points if the CFO's knowledge is involved.";"5 punten per antwoord. Max 6 reacties. 
5 extra punten als de kennis van de CFO in het geding is.";Moderator
Safeline;22;"Safeline synes, at de kender deres kunder godt og ved, hvad de primære kundebehov er. Men sælgerne oplever alligevel ofte, at en kunde ikke kan kende forskel på Safeline og konkurrenterne. 

Sælgerne snakker nu med salgschefen om, hvorvidt kunderne mon reelt oplever dem som kundeorienteret, og hvordan Safeline kan differentiere sig mere.  Hvordan gør Safeline sig mere lækker, og hvilke parametre kan de differentiere sig på?";"Safeline thinks they know their customers well and know what the primary customer needs are. However, salespeople often find that a customer cannot tell the difference between Safeline and competitors. 

The salespeople are now talking to the sales manager about whether customers really experience them as customer-oriented, and how Safeline can differentiate itself more. How does Safeline make itself more attractive and what parameters can they differentiate themselves on?";"Safeline denkt dat ze hun klanten goed kennen en weten wat de primaire behoeften van de klant zijn. Verkopers merken echter vaak dat een klant het verschil niet kan zien tussen Safeline en concurrenten. 

De verkopers zijn nu in gesprek met de salesmanager over de vraag of klanten hen echt als klantgericht ervaren, en hoe Safeline zich meer kan onderscheiden. Hoe maakt Safeline zichzelf aantrekkelijker en op welke parameters kunnen ze zich onderscheiden?";NVT;"

5 point pr. svar.
5 ekstra point, hvis ’kort holdbarhed’ hos konkurrenterne nævnes.";"5 points per answer.
5 extra points if 'short shelf life' of competitors is mentioned.";"5 punten per antwoord.
5 extra punten als er sprake is van 'korte houdbaarheid' van concurrenten.";Moderator
Safeline;23;"

Salgschefen Helle hører ofte fra kunder, at sælgerne kontakter de samme kunder og ikke har styr på, hvad der købes. For at styrke sælgernes overblik og kundens mødeinteresse beslutter Helle sig for, at sælgerne skal medbringe indsigter til kundemøder. Det oplagte er at trække data ud af CRM-systemet, men Helle overvejer, om der er andre steder, de kan trække data ud.
Hvordan sikrer salgschefen, at der skabes gode indsigter om markedet, så sælgerne kan tage det med på kundemøder?";"Sales manager Helle often hears from customers that the salespeople contact the same customers and do not have control over what is being bought. To strengthen the salespeople's overview and the customer's interest in meetings, Helle decides that the salespeople should bring insights to customer meetings. The obvious thing is to extract data from the CRM system, but Helle is considering whether there are other places they can extract data.
How does the sales manager ensure that good insights are created about the market so that the salespeople can bring it to customer meetings?";"Salesmanager Helle hoort vaak van klanten dat de verkopers contact opnemen met dezelfde klanten en geen controle hebben over wat er wordt gekocht. Om het overzicht van de verkopers en de interesse van de klant in vergaderingen te versterken, besluit Helle dat de verkopers inzichten moeten inbrengen in klantvergaderingen. Het ligt voor de hand om data uit het CRM-systeem te halen, maar Helle overweegt of er andere plekken zijn waar ze data kunnen extraheren.
Hoe zorgt de salesmanager ervoor dat er goede inzichten ontstaan over de markt, zodat de verkopers deze mee kunnen nemen naar klantbijeenkomsten?";NVT;"

5 point pr. svar. Max 6 svar.";"5 points per answer. Maximum 6 answers.
";"5 punten per antwoord. Maximaal 6 antwoorden.
";Moderator
Safeline;24;"Safelines marketingafdeling har været i kontakt med et par kunder for at lave nogle portrætter til hjemmesiden. Via kundedialogerne har marketingsfolkene fået værdifuld information om udstyr, der snart skal opdateres og udskiftes. Ofte har kundeservice lignende dialoger med kunderne. Indsigterne kommer dog sjældent videre.
Hvilke fordele får Safeline, hvis de kobler viden mellem marketing, kundeservice og salg? ";"Safeline's marketing department has been in contact with a few customers to make some portraits for the website. Through the customer dialogues, the marketers have gained valuable information about equipment that will soon be updated and replaced. Customer service often has similar dialogues with customers. However, the insights rarely get any further.
What benefits does Safeline get if they link knowledge between marketing, customer service and sales?";"De marketingafdeling van Safeline heeft contact gehad met een aantal klanten om enkele portretten voor de website te maken. Door de klantdialogen hebben de marketeers waardevolle informatie verkregen over apparatuur die binnenkort zal worden bijgewerkt en vervangen. Klantenservice heeft vaak vergelijkbare dialogen met klanten. De inzichten komen echter zelden verder.
Welke voordelen krijgt Safeline als ze kennis koppelen tussen marketing, klantenservice en verkoop?";NVT;10 point pr. fordel. Max 30 point.;10 points per advantage. Maximum 30 points.;"10 punten per voordeel. Maximaal 30 punten.
";Moderator
Safeline;25;"Safelines ledelse er blevet opmærksom på, at salgsorganisation mangler forretningsorienteret forståelse ude hos kunderne. Det er et problem, for sælgernes forretningsforståelse er afgørende for deres evne til at rådgive kunden og sikre loyalitet over for Safeline som leverandør. Ledelsen vil nu producere et overblik over vigtige pains og gains.
Formuler 3 pains og 3 gains, der kan omsættes til indsigter, som sælgerne kan tage med ud til Safelines største kunder?";"Safeline's management has become aware that the sales organization lacks business-oriented understanding among customers. This is a problem, because the salespeople's business understanding is crucial for their ability to advise the customer and ensure loyalty to Safeline as a supplier. Management will now produce an overview of key pains and gains.
Formulate 3 pains and 3 gains that can be translated into insights that the salespeople can take out to Safeline's largest customers?";"Het management van Safeline is zich ervan bewust geworden dat de verkooporganisatie een gebrek heeft aan bedrijfsgericht begrip bij klanten. Dit is een probleem, omdat het zakelijk inzicht van de verkopers van cruciaal belang is voor hun vermogen om de klant te adviseren en loyaliteit aan Safeline als leverancier te garanderen. Het management zal nu een overzicht maken van de belangrijkste pijnpunten en winsten.
3 pijnpunten en 3 voordelen formuleren die kunnen worden vertaald in inzichten die de verkopers kunnen meenemen naar de grootste klanten van Safeline?";NVT;20 point ialt for 3 pains og 3 gains, der kan bruges af sælgerne.;"20 points in total for 3 pains and 3 gains that can be used by the sellers.
";"20 punten in totaal voor 3 pijnen en 3 winsten die door de verkopers kunnen worden gebruikt.
";Moderator
Domino House;26;"Flere og flere sælgere i entreprenørfirmaet Domino House giver udtryk for, at de mangler en mere kommerciel forståelse for kundernes forretning. 

Nogle har spurgt efter kurser og andre efterlyser mere sparring med salgschefen.  Hvilke argumenter bør salgschefen bruge over for ledelsen for at få ressourcer til afdelingen? ";More and more salespeople in the construction company Domino House express that they lack a more commercial understanding of the customers' business. Some have asked for courses and others are looking for more sparring with the sales manager. What arguments should the sales manager use with management to get resources for the department?;Steeds meer verkopers in het bouwbedrijf Domino House geven aan dat ze een meer commercieel begrip missen van de business van de klant. Sommigen hebben om cursussen gevraagd en anderen zijn op zoek naar meer sparring met de salesmanager. Hvilke argumenter bør salgschefen bruge over for ledelsen for at få ressourcer til afdelingen? ;NVT;10 point i alt for to gode forslag. ;10 points in total for two good suggestions.;10 punten in totaal voor twee goede suggesties.;Moderator
Domino House;27;"Sælgerne i Domino House ender ofte med at tale mest om produktpriser med kunden, mens de overser nogle af de services, som betyder mindst lige så meget for kunderne som prisen.

Flere af de services, som kunderne værdsætter meget højt, tager Domino House ikke noget for, så sælgernes fokus er et andet sted.   Hvordan får Domino House et klart billede af, hvad kunderne oplever som værdifuldt, og hvad de gode services er værd?  ";"The salespeople in Domino House often end up talking mostly about product prices with the customer, while overlooking some of the services that mean at least as much to the customers as the price.

Several of the services that customers value very highly, Domino House does not charge anything for, so the sellers' focus is elsewhere. How does Domino House get a clear picture of what customers experience as valuable and what the good services are worth?";"De verkopers in Domino House praten vaak vooral over productprijzen met de klant, terwijl ze enkele van de diensten over het hoofd zien die minstens zoveel voor de klanten betekenen als de prijs.

Voor een aantal van de diensten die klanten zeer waarderen, rekent Domino House niets aan, dus de focus van de verkopers ligt elders. Hoe krijgt Domino House een duidelijk beeld van wat klanten als waardevol ervaren en wat de goede dienstverlening waard is?";NVT;10 point pr. forslag. Max 30 point.;10 points per proposal. Max 30 points.;10 punten per voorstel. Max 30 punten.;Moderator
Domino House;28;"Salgsorganisationen i Domino House er lidt lukket om sig selv. De deler ikke altid information om dialoger med kunderne i forhold til produktionen i byggeriet. Ledelsen i Domino House ser derfor et potentiale i at dele salgsorganisationens viden med resten af afdelingen. 
Hvad kan salgsorganisationen gøre for at sikre, at der deles information med produktionsenheden, logistik m.fl. i Domino House?";"
The sales organization at Domino House is a bit closed about itself. They do not always share information about dialogues with customers in relation to production in the construction industry. The management of Domino House therefore sees a potential in sharing the sales organization's knowledge with the rest of the department.
What can the sales organization do to ensure that information is shared with the production unit, logistics, etc. in Domino House?";"De verkooporganisatie bij Domino House is een beetje gesloten over zichzelf. Ze delen niet altijd informatie over dialogen met klanten in relatie tot productie in de bouwsector. De directie van Domino House ziet dan ook potentie in het delen van de kennis van de verkooporganisatie met de rest van de afdeling.
Wat kan de verkooporganisatie doen om ervoor te zorgen dat informatie wordt gedeeld met de productie-eenheid, logistiek, enz. in Domino House?";NVT;"

10 point pr. svar. Max 30 point.";"10 points per answer. Maximum 30 points.
";"10 punten per antwoord. Maximaal 30 punten.
";Moderator
Domino House;29;"En større kunde ringer til Domino House for at høre, om firmaet kan ændre leveringssted og tider på nogle ordrer. Medarbejderen, der har taget telefonen i Domino House, ved, at det skaber en del problemer i forhold til Domino Houses systemer og processer. Medarbejderen lover dog at undersøge sagen og vende tilbage med et svar. 
Hvad bør man sikre sig i Domino House, så kunden får svar hurtigt og klart?";"A larger customer calls Domino House to find out if the company can change the delivery location and times on some orders. The employee who has answered the phone at Domino House knows that it creates a number of problems in relation to Domino House's systems and processes. However, the employee promises to investigate the matter and return with an answer.
What should you make sure of at Domino House so that the customer gets an answer quickly and clearly?";"Een grotere klant belt Domino House om te vragen of het bedrijf de bezorglocatie en -tijden van sommige bestellingen kan wijzigen. De medewerker die de telefoon bij Domino House heeft opgenomen, weet dat dit een aantal problemen oplevert met betrekking tot de systemen en processen van Domino House. De werknemer belooft echter de zaak te onderzoeken en terug te komen met een antwoord.
Waar moet je bij Domino House op letten zodat de klant snel en duidelijk antwoord krijgt?";NVT;10 point for et godt svar.;"10 points for a good answer.
";"10 punten voor een goed antwoord.
";Moderator
Domino House;30;"Salgsafdelingen i Domino House opfatter sig selv som satellitter, der kører helt for sig selv. Sælgerne føler, at de er de sidste, der får info om vigtige nyheder, og de giver sjældent viden om kunderne fra sig til de andre afdelinger. Domino Houses salgsansvarlige beslutter nu, at salgsafdelingen skal blive bedre til at dele viden med de andre funktioner. 
List hvilken viden afdelingerne bør dele med hinanden og hvorfor. ";"The sales department at Domino House sees itself as satellites running all by themselves. The salespeople feel that they are the last to get information about important news, and they rarely pass on knowledge about the customers to the other departments. Domino House's sales manager now decides that the sales department needs to get better at sharing knowledge with the other functions.
List what knowledge the departments should share with each other and why.";"De verkoopafdeling van Domino House ziet zichzelf als satellieten die helemaal op zichzelf draaien. De verkopers hebben het gevoel dat ze de laatsten zijn die informatie krijgen over belangrijk nieuws, en ze geven zelden kennis over de klanten door aan de andere afdelingen. De salesmanager van Domino House besluit nu dat de salesafdeling beter moet worden in het delen van kennis met de andere functies.
Maak een lijst van welke kennis de afdelingen met elkaar moeten delen en waarom.";NVT;20 point for et svar;"20 points for an answer
";"20 punten voor een antwoord
";Moderator
Sales management;31;"""En vigtig kunde ringer til en Key Account Manager og siger, at de ikke gider 
så mange møder længere. 
Drøft hvordan virksomheden bør reagere""";"""An important customer calls a Key Account Manager and says they don't bother 
so many meetings longer. 
Discuss how the company should respond""";Een belangrijke klant belt een Key Account Manager en zegt dat ze niet meer zoveel lange meetings willen. Bspreek hoe het bedrijf moet reageren;NVT;5 points;5 points;5 punten;Moderator
Sales management;32;"""Sælgerne får ikke registreret kundedialoger i 
CRM-systemet. Hvad skal salgschefen gøre?  """;"""The salespeople do not register customer dialogues in 
CRM system. What should the sales manager do?""";"""De verkopers registreren geen klantdialogen in 
CRM-systeem. Wat moet de salesmanager doen?""";NVT;10 points;10 points;10 punten;Moderator
Sales management;33;"""En virksomheds e-handel vokser. Det bekymrer 
sælgerne, som kan miste deres provision. Hvordan sikrer virksomheden, at sælgerne bakker op om webshoppen?""";"""A company's e-commerce is growing. This is worrying 
the sellers, who may lose their commission. How does the company ensure that the salespeople support the webshop?""";"""De e-commerce van een bedrijf groeit. Dit is zorgwekkend voor 
de verkopers, die hun commissie kunnen verliezen. Hoe zorgt het bedrijf ervoor dat de verkopers de webshop ondersteunen?""";NVT;5 points;5 points;5 punten;Moderator
Megatrends;34;"""Et salgsteam er nysgerrig 
på bæredygtighed, men 
ved ikke, hvordan de kan 
bruge det. Drøft ud fra egne erfaringer, 
hvilke muligheder og 
udfordringer I ser?""";"""A sales team is curious 
on sustainability, but 
don't know how they can 
use it. Discuss from your own experience, 
What options and 
challenges you see?""";"""Een verkoopteam is nieuwsgierig 
op het gebied van duurzaamheid, maar 
ze weten niet hoe ze dat kunnen 
Gebruik het. Bespreek vanuit eigen ervaring, 
Welke opties en 
Uitdagingen zie je?""";NVT;20 points;20 points;20 punten;Moderator
Megatrends;35;"""Flere sælgere oplever, at kunderne spørger om virksomheden arbejder med FN´s Verdensmål. 
Bør salgschefen gøre noget på kort eller langt sigt?""";"""Several salespeople experience that customers ask if the company works with the UN's Sustainable Development Goals. 
Should the sales manager do something in the short or long term?""";"""Verschillende verkopers ervaren dat klanten vragen of het bedrijf werkt met de Sustainable Development Goals van de VN. 
Moet de salesmanager iets doen op korte of lange termijn?""";NVT;20 points;20 points;20 punten;Moderator
Megatrends;36;"""En kunde spørger om, de må leje et af 
virksomhedens populære produkter. Hvad skal 
virksomheden overveje, 
hvis de går leasing- eller abonnementsvejen?""";"""A customer asks if they can rent one of 
the company's popular products. What should 
The company consider, 
If they go the leasing or subscription route?""";"""Een klant vraagt of hij een van de 
de populaire producten van het bedrijf kan huren in plaats van kopen. Wat zouden de overwegingen van het bedrijf moeten zijn? Gaan ze voor leasing of abonnement?""";NVT;10 points;10 points;10 punten;Moderator
Chance;37;"""Hvad har været den sjoveste oplevelse med en kunde i dit 
nuværende job?""";"""What has been the most fun experience with a customer in your 
current job?""";"""Wat was de leukste ervaring met een klant in uw 
huidige baan?""";NVT;5 points;5 points;5 punten;Moderator
Chance;38;"""Et salgsteam får ingen nyttig kundeinfo fra virksomhedens 
serviceteknikere. 
Drøft hvad salgschefen kan gøre? """;"""A sales team gets no useful customer info from the company's 
Technicians. 
Discuss what the sales manager can do?""";"""Een verkoopteam krijgt geen nuttige klantinformatie van de 
Technici. 
Bespreek wat de salesmanager kan doen?""";NVT;10 points;10 points;10 punten;Moderator
Chance;39;Hvad er det første, du tænker på, når du vågner? ;What's the first thing you think of when you wake up?;Wat is het eerste waar je aan denkt als je wakker wordt?;NVT;5 points;5 points;5 punten;Moderator